"","time","city","loan"
"1","2001","NEW YORK",102517
"2","2001","CARTHAGE",122853
"3","2001","OAKLAND",88648
"4","2001","SPENCER",194954
"5","2001","LYONS",168917
"6","2001","CHAMBERS",22305
"7","2001","BRIGHTON",111414
"8","2001","VALLEY",102408
"9","2001","TONGANOXIE",124323
"10","2001","DOUGLAS",54599
"11","2001","HOLLIS",111954
"12","2001","SEWARD",103489
"13","2001","KEARNEY",113925
"14","2001","BROKEN ARROW",92168
"15","2001","WRAY",95675
"16","2001","GIRARD",118131
"17","2001","CHICKASHA",86080
"18","2001","SCOTTDALE",63310
"19","2001","PRESTONSBURG",91119
"20","2001","HYDEN",96176
"21","2001","HAMPTON",106259
"22","2001","GREENWOOD",113331
"23","2001","ALTOONA",101183
"24","2001","DOUGLASVILLE",142496
"25","2001","GREENEVILLE",138622
"26","2001","CLAYTON",248031
"27","2001","DICKSON",82689
"28","2001","BUCHANAN",214338
"29","2001","LA FOLLETTE",91196
"30","2001","HARDINSBURG",113438
"31","2001","ROLLA",106742
"32","2001","WEST PLAINS",115011
"33","2001","RUSSELLVILLE",133619
"34","2001","SAINT LOUIS",94610
"35","2001","CLARKSDALE",94430
"36","2001","HENDERSON",116133
"37","2001","SAVANNAH",105378
"38","2001","MONTICELLO",110229
"39","2001","LEBANON",137467
"40","2001","LITCHFIELD",102930
"41","2001","UNION CITY",113442
"42","2001","VANDALIA",91306
"43","2001","RIPLEY",66297
"44","2001","LITTLE ROCK",96054
"45","2001","HOPE",103134
"46","2001","HEARNE",86066
"47","2001","KINGSVILLE",88800
"48","2001","FABENS",110115
"49","2001","CLOVIS",93235
"50","2001","GRAHAM",100650
"51","2001","KERMIT",85635
"52","2001","CENTER",102223
"53","2001","TAYLOR",63009
"54","2001","MAYFIELD",123476
"55","2001","SPRINGFIELD",327253
"56","2001","POTOSI",89922
"57","2001","SIOUX FALLS",111177
"58","2001","FARGO",131129
"59","2001","FINLAYSON",128244
"60","2001","BLAINE",92017
"61","2001","DEVILS LAKE",113501
"62","2001","IRON RIVER",78095
"63","2001","PENSACOLA",34270
"64","2001","MIAMI",112849
"65","2001","EDGEWOOD",122291
"66","2001","CARLSBAD",78158
"67","2001","WYNNE",95457
"68","2001","SULPHUR SPRINGS",110115
"69","2001","OVERLAND PARK",120932
"70","2001","PENNSVILLE",63132
"71","2001","LOGAN",116907
"72","2001","NASHVILLE",113335
"73","2001","DETROIT",48946
"74","2001","BARBOURVILLE",131343
"75","2001","MIDDLEBURY",111746
"76","2001","DULUTH",115458
"77","2001","ATHENS",83909
"78","2001","CHILLICOTHE",103406
"79","2001","MARKLE",134720
"80","2001","MAYWOOD",102487
"81","2001","NEFFS",72616
"82","2001","GRANBURY",73434
"83","2001","PARIS",214618
"84","2001","ELKINS",108473
"85","2001","WEST LIBERTY",103247
"86","2001","TOLUCA",106734
"87","2001","NEWMAN",113583
"88","2001","LINCOLN",106491
"89","2001","LA CROSSE",249017
"90","2001","CHICAGO",351408
"91","2001","KENTLAND",110560
"92","2001","ROCHELLE",77592
"93","2001","SOMONAUK",91104
"94","2001","PILOT GROVE",135248
"95","2001","LIBERTY",61563
"96","2001","MARINETTE",124832
"97","2001","FORT WALTON BEACH",144802
"98","2001","ADA",109662
"99","2001","SAULT SAINTE MARIE",121190
"100","2001","BLYTHEVILLE",92480
"101","2001","MCPHERSON",120647
"102","2001","JONESVILLE",97918
"103","2001","HOFFMAN ESTATES",110497
"104","2001","KENT CITY",123514
"105","2001","TROY",130142
"106","2001","CLEVELAND",207446
"107","2001","FAYETTE",61165
"108","2001","EVANSTON",80160
"109","2001","ANNAPOLIS",112923
"110","2001","GLENWOOD",102133
"111","2001","LONOKE",112293
"112","2001","WEST MEMPHIS",73206
"113","2001","BLACKSHEAR",103753
"114","2001","TULSA",125092
"115","2001","SHEPHERDSVILLE",94067
"116","2001","FORT WORTH",62263
"117","2001","CLEAR LAKE",120954
"118","2001","HONOR",118901
"119","2001","NOBLESVILLE",127880
"120","2001","BROWN CITY",111029
"121","2001","WEST MILTON",101722
"122","2001","FAIRBANKS",74782
"123","2001","HOLLY SPRINGS",33969
"124","2001","BRANSON",104184
"125","2001","SHELBYVILLE",104749
"126","2001","RAWLINS",85888
"127","2001","ALVA",100184
"128","2001","SMITHFIELD",137309
"129","2001","BURLINGTON",49601
"130","2001","BIXBY",126531
"131","2001","DENVER",101011
"132","2001","CHARLES TOWN",103305
"133","2001","MILWAUKEE",123791
"134","2001","NEW WASHINGTON",130304
"135","2001","OLNEY",94399
"136","2001","CHARLESTON",118493
"137","2001","KANSAS CITY",122042
"138","2001","WINTER PARK",123603
"139","2001","SEATTLE",245186
"140","2001","OSHKOSH",146391
"141","2001","DUNDALK",123552
"142","2001","PEORIA",106607
"143","2001","DEBARY",112273
"144","2001","ARLINGTON HEIGHTS",121306
"145","2001","EASTMAN",110873
"146","2001","MONROE",124828
"147","2001","BLAKELY",99917
"148","2001","STODDARD",118636
"149","2001","AMORY",63971
"150","2001","PLATTEVILLE",134833
"151","2001","DALLAS",103484
"152","2001","NAPOLEON",99292
"153","2001","VERNON",89725
"154","2001","MANITOWOC",152658
"155","2001","MENTOR",112347
"156","2001","MOORESVILLE",119962
"157","2001","COLUMBIA",67121
"158","2001","NATCHITOCHES",91552
"159","2001","WILLISTON",100366
"160","2001","PUYALLUP",100755
"161","2001","LE MARS",117388
"162","2001","OSWEGO",104849
"163","2001","DUNCANVILLE",97447
"164","2001","DURHAM",121886
"165","2001","PALM HARBOR",271070
"166","2001","GILMER",74341
"167","2001","MCCOOK",95385
"168","2001","ADVANCE",93957
"169","2001","GREENWICH",105154
"170","2001","HEBRON",128904
"171","2001","BERKELEY SPRINGS",111676
"172","2001","SONOMA",107448
"173","2001","CIRCLEVILLE",102307
"174","2001","BELLEVUE",105878
"175","2001","VIRGINIA BEACH",107240
"176","2001","WAVERLY",101989
"177","2001","ASHEVILLE",124061
"178","2002","EDINA",95806
"179","2002","CARTHAGE",119610
"180","2002","SALT LAKE CITY",81738
"181","2002","OAKLAND",105080
"182","2002","LYONS",95863
"183","2002","CHAMBERS",23285
"184","2002","VALLEY",106816
"185","2002","PLATTE CITY",120634
"186","2002","DOUGLAS",71484
"187","2002","HOLLIS",123337
"188","2002","SEWARD",104759
"189","2002","BROKEN ARROW",93756
"190","2002","OMAHA",272147
"191","2002","ENID",85998
"192","2002","CHICKASHA",92335
"193","2002","SCOTTDALE",63701
"194","2002","EATON",132679
"195","2002","PRESTONSBURG",86354
"196","2002","CYNTHIANA",87994
"197","2002","HYDEN",95198
"198","2002","LOUISA",100700
"199","2002","ALTOONA",103945
"200","2002","PORTLAND",115646
"201","2002","CLAYTON",263549
"202","2002","MILLEDGEVILLE",98910
"203","2002","DICKSON",85224
"204","2002","ABBEVILLE",78783
"205","2002","WILLISTON",109525
"206","2002","LA FOLLETTE",102620
"207","2002","HARDINSBURG",114233
"208","2002","SAINT LOUIS",118563
"209","2002","CLARKSDALE",103018
"210","2002","HENDERSON",116469
"211","2002","MONTICELLO",224205
"212","2002","LITCHFIELD",106777
"213","2002","UNION CITY",98211
"214","2002","VANDALIA",92588
"215","2002","RIPLEY",65446
"216","2002","HOPE",107821
"217","2002","HEARNE",96850
"218","2002","KINGSVILLE",105800
"219","2002","CLOVIS",102346
"220","2002","MESQUITE",97644
"221","2002","KERMIT",106456
"222","2002","CENTER",102042
"223","2002","TAYLOR",63366
"224","2002","TEXARKANA",106828
"225","2002","MAYFIELD",109591
"226","2002","POTOSI",93237
"227","2002","DEVILS LAKE",105225
"228","2002","IRON RIVER",77760
"229","2002","PENSACOLA",31304
"230","2002","MIAMI",115563
"231","2002","LAKE JACKSON",19537
"232","2002","CARLSBAD",73091
"233","2002","WYNNE",254662
"234","2002","PENNSVILLE",68844
"235","2002","LOGAN",215669
"236","2002","NASHVILLE",117136
"237","2002","DETROIT",51457
"238","2002","BARBOURVILLE",132387
"239","2002","MISSOULA",125962
"240","2002","SAINT JOSEPH",80374
"241","2002","DULUTH",248630
"242","2002","CHILLICOTHE",108763
"243","2002","MARION CENTER",113887
"244","2002","DEWITT",130863
"245","2002","MAYWOOD",96022
"246","2002","SPENCER",226810
"247","2002","DECORAH",106118
"248","2002","NEKOOSA",104151
"249","2002","NEWMAN",114037
"250","2002","LINCOLN",110826
"251","2002","PLATTEVILLE",98869
"252","2002","LA CROSSE",240179
"253","2002","WASHINGTON",100060
"254","2002","SPRINGFIELD",93262
"255","2002","HARVARD",104421
"256","2002","LUXEMBURG",117477
"257","2002","LUZERNE",120381
"258","2002","ADA",111845
"259","2002","BEATTYVILLE",141385
"260","2002","BLYTHEVILLE",94806
"261","2002","SCOTTSVILLE",104354
"262","2002","MALAD CITY",109783
"263","2002","HOFFMAN ESTATES",120873
"264","2002","NEW YORK",120174
"265","2002","CLEVELAND",148380
"266","2002","EAST TAWAS",123709
"267","2002","FAYETTE",64905
"268","2002","ROMNEY",118947
"269","2002","MCCONNELLSBURG",108267
"270","2002","GREENWOOD",99510
"271","2002","MANCHESTER",72817
"272","2002","TULSA",104143
"273","2002","PARKERSBURG",120717
"274","2002","GLENWOOD",106194
"275","2002","LONOKE",127253
"276","2002","LITTLE ROCK",137446
"277","2002","BLACKSHEAR",106299
"278","2002","SHEPHERDSVILLE",89417
"279","2002","FORT WORTH",72506
"280","2002","CLEAR LAKE",126767
"281","2002","TESCOTT",111973
"282","2002","MORGAN CITY",90501
"283","2002","HUNTINGDON",85879
"284","2002","HONOR",126324
"285","2002","NOBLESVILLE",144351
"286","2002","STOUGHTON",117232
"287","2002","CHICAGO",253602
"288","2002","FORRESTON",109888
"289","2002","BROWN CITY",106139
"290","2002","FAIRBANKS",77378
"291","2002","HOLLY SPRINGS",36722
"292","2002","GALLATIN",103453
"293","2002","BRANSON",114124
"294","2002","RAWLINS",87309
"295","2002","SOMERVILLE",74910
"296","2002","ALVA",103236
"297","2002","WAYCROSS",133605
"298","2002","HOBBS",37552
"299","2002","ATHENS",111944
"300","2002","ROLAND",94782
"301","2002","BIXBY",133661
"302","2002","DENVER",97184
"303","2002","ROGERSVILLE",124361
"304","2002","MILWAUKEE",129322
"305","2002","NEW WASHINGTON",139251
"306","2002","PLANO",146501
"307","2002","ELK CITY",98335
"308","2002","CHARLESTON",127887
"309","2002","ALICE",120446
"310","2002","MOUNTAIN VIEW",71674
"311","2002","KANSAS CITY",134188
"312","2002","BUFFALO GROVE",113951
"313","2002","COSHOCTON",116063
"314","2002","BESSEMER",107598
"315","2002","DUNDALK",113859
"316","2002","LUBBOCK",133608
"317","2002","EASTMAN",123864
"318","2002","GREENVILLE",73825
"319","2002","LUCEDALE",103561
"320","2002","BLAKELY",112992
"321","2002","NEWPORT",123015
"322","2002","AMORY",54927
"323","2002","DALLAS",115545
"324","2002","NAPOLEON",105511
"325","2002","ROUND LAKE HEIGHTS",113956
"326","2002","VERNON",102413
"327","2002","CHESTERTOWN",120695
"328","2002","PARK RIDGE",104779
"329","2002","IDAHO FALLS",98608
"330","2002","FALMOUTH",85739
"331","2002","PARIS",95466
"332","2002","MURFREESBORO",101910
"333","2002","FRANKLIN",127075
"334","2002","MOORESVILLE",111708
"335","2002","SARASOTA",121838
"336","2002","COLUMBIA",208169
"337","2002","NATCHITOCHES",91180
"338","2002","PUYALLUP",105354
"339","2002","LE MARS",122103
"340","2002","ORLANDO",120251
"341","2002","MUSKEGON",142033
"342","2002","DUNCANVILLE",104735
"343","2002","PORT LAVACA",38591
"344","2002","OMEGA",103082
"345","2002","GILMER",81661
"346","2002","MCCOOK",101871
"347","2002","ADVANCE",104298
"348","2002","DAWSONVILLE",142411
"349","2002","FREEPORT",94416
"350","2002","OCALA",123980
"351","2002","LOS ANGELES",135016
"352","2002","ELMER",134273
"353","2002","BELLEVUE",233718
"354","2002","HOUSTON",123338
"355","2002","SEATTLE",121509
"356","2002","WHITEVILLE",127524
"357","2002","CHARLOTTE",117315
"358","2002","CLARKSVILLE",142133
"359","2002","WAVERLY",100377
"360","2002","KERRVILLE",85847
"361","2002","HUNTINGTON",136834
"362","2002","BRICK",125971
"363","2002","WEDOWEE",94653
"364","2002","MARYLAND HEIGHTS",99525
"365","2002","BOONE",135757
"366","2002","GRAVETTE",106458
"367","2002","LEBANON",141452
"368","2002","OSSEO",127399
"369","2003","OMAHA",109835
"370","2003","CARTHAGE",262351
"371","2003","TORTOLA",114108
"372","2003","SALT LAKE CITY",87678
"373","2003","DETROIT",52478
"374","2003","OAKLAND",101476
"375","2003","LYONS",98596
"376","2003","CHAMBERS",23715
"377","2003","SCOTTSDALE",140095
"378","2003","VALLEY",104046
"379","2003","ALTAMONT",116790
"380","2003","MCCOOK",122203
"381","2003","DOUGLAS",79272
"382","2003","JOPLIN",106215
"383","2003","BEATRICE",63096
"384","2003","KINGMAN",98871
"385","2003","BROKEN ARROW",99343
"386","2003","MOUNDRIDGE",76991
"387","2003","ENID",90154
"388","2003","EATON",129573
"389","2003","INDEPENDENCE",85196
"390","2003","PRESTONSBURG",97716
"391","2003","GENOA",128580
"392","2003","HYDEN",92971
"393","2003","GRAYSON",60752
"394","2003","LOUISA",110559
"395","2003","PORTLAND",115036
"396","2003","CLAYTON",133207
"397","2003","WINFIELD",84317
"398","2003","MILLEDGEVILLE",103080
"399","2003","DICKSON",86866
"400","2003","ABBEVILLE",87908
"401","2003","WILLISTON",106971
"402","2003","LAFAYETTE",63561
"403","2003","LA FOLLETTE",110944
"404","2003","GAINESVILLE",105608
"405","2003","HARDINSBURG",118954
"406","2003","MONTICELLO",104082
"407","2003","JACKSONVILLE",80967
"408","2003","RIPLEY",65709
"409","2003","COAHOMA",97458
"410","2003","BRADY",106479
"411","2003","MESQUITE",118698
"412","2003","KERMIT",106416
"413","2003","BRENHAM",111049
"414","2003","TAYLOR",52427
"415","2003","TEXARKANA",114840
"416","2003","PITTSFIELD",107911
"417","2003","MAYFIELD",85180
"418","2003","POTOSI",89198
"419","2003","HUTCHINSON",84809
"420","2003","ZUMBROTA",95014
"421","2003","ESCANABA",121552
"422","2003","MORA",99124
"423","2003","PARK RAPIDS",110913
"424","2003","DETROIT LAKES",151731
"425","2003","DEVILS LAKE",103694
"426","2003","ARTHUR",125902
"427","2003","IRON RIVER",84610
"428","2003","AURORA",309395
"429","2003","WYNNE",108147
"430","2003","ARDMORE",93285
"431","2003","PENNSVILLE",59756
"432","2003","SAINT MARTINVILLE",101197
"433","2003","CROSBY",86670
"434","2003","CEDARTOWN",90875
"435","2003","DULUTH",115750
"436","2003","GASSAWAY",82503
"437","2003","WICHITA FALLS",113357
"438","2003","CHILLICOTHE",111837
"439","2003","WILLSBORO",68935
"440","2003","DEWITT",105644
"441","2003","MAYWOOD",104575
"442","2003","NORTHFIELD",110446
"443","2003","BLACK RIVER FALLS",117070
"444","2003","CRETE",137876
"445","2003","OZONA",130948
"446","2003","JEFFERSON CITY",126245
"447","2003","AZLE",91754
"448","2003","WYALUSING",100560
"449","2003","CLARINDA",55408
"450","2003","PERRY",101696
"451","2003","NEKOOSA",105589
"452","2003","LINCOLN",98253
"453","2003","LA CROSSE",329158
"454","2003","ROCHELLE",69877
"455","2003","WASHINGTON",107128
"456","2003","SPRINGFIELD",84888
"457","2003","NEENAH",145910
"458","2003","WAUPACA",98812
"459","2003","CHICAGO",319377
"460","2003","HARVARD",104990
"461","2003","WALWORTH",95244
"462","2003","LUXEMBURG",133984
"463","2003","MADISON",76320
"464","2003","WELLSBURG",80590
"465","2003","BEAVER DAM",96570
"466","2003","ADA",110501
"467","2003","SANDY",101144
"468","2003","MALAD CITY",108225
"469","2003","ORBISONIA",143608
"470","2003","ROCK VALLEY",119040
"471","2003","LAKE ODESSA",122414
"472","2003","ODESSA",110405
"473","2003","RICHWOOD",76935
"474","2003","WALTON",60992
"475","2003","NEW BALTIMORE",113876
"476","2003","CLEVELAND",150079
"477","2003","FRIENDSHIP",127270
"478","2003","SAINT CHARLES",104945
"479","2003","EAST TAWAS",127794
"480","2003","FAYETTE",69435
"481","2003","MCCONNELLSBURG",103288
"482","2003","MANCHESTER",75161
"483","2003","TULSA",100488
"484","2003","BOSCOBEL",94471
"485","2003","BLACKSHEAR",114236
"486","2003","SHEPHERDSVILLE",80853
"487","2003","FORT WORTH",176697
"488","2003","GRAND JUNCTION",77139
"489","2003","TESCOTT",114110
"490","2003","CANYON",119404
"491","2003","HUNTINGDON",88204
"492","2003","GAYLORD",118576
"493","2003","BOAZ",82690
"494","2003","HARTFORD",76821
"495","2003","SAINT JAMES",132549
"496","2003","BROWN CITY",107710
"497","2003","AMERICUS",85055
"498","2003","ANAMOSA",87132
"499","2003","HOLLY SPRINGS",37704
"500","2003","RAWLINS",79847
"501","2003","ENUMCLAW",98867
"502","2003","VINITA",86005
"503","2003","ATHENS",111778
"504","2003","EAU CLAIRE",102224
"505","2003","ROLAND",98382
"506","2003","DENVER",107930
"507","2003","SHOREWOOD",137263
"508","2003","MILWAUKEE",116924
"509","2003","KITTANNING",82304
"510","2003","ELK CITY",104715
"511","2003","LOGAN",241254
"512","2003","MARION",85512
"513","2003","ALICE",115101
"514","2003","MOUNTAIN VIEW",70416
"515","2003","COSHOCTON",132374
"516","2003","SUWANEE",137570
"517","2003","DUNDALK",115525
"518","2003","HATTIESBURG",115241
"519","2003","BAYPORT",95123
"520","2003","MYRTLE BEACH",135612
"521","2003","LINCOLNWOOD",74391
"522","2003","LUCEDALE",99841
"523","2003","JOHNSON CITY",130621
"524","2003","ALBION",96441
"525","2003","LOUISVILLE",119282
"526","2003","NEWPORT",129935
"527","2003","AMORY",47655
"528","2003","OAK BROOK",119218
"529","2003","ROUND LAKE HEIGHTS",132841
"530","2003","ALTON",92145
"531","2003","GONZALES",111027
"532","2003","PARK RIDGE",119489
"533","2003","MASCOUTAH",96642
"534","2003","IDAHO FALLS",104982
"535","2003","FALMOUTH",88426
"536","2003","PARIS",106142
"537","2003","ABSECON",46818
"538","2003","FRANKLIN",227181
"539","2003","MOORESVILLE",107617
"540","2003","ROSEAU",66047
"541","2003","COLUMBIA",74497
"542","2003","NATCHITOCHES",83809
"543","2003","FARMINGTON HILLS",148624
"544","2003","CARTERSVILLE",138257
"545","2003","UNION SPRINGS",99639
"546","2003","FRYBURG",117319
"547","2003","BATON ROUGE",115505
"548","2003","BOWLING GREEN",135245
"549","2003","PORT LAVACA",38371
"550","2003","CAMERON",71392
"551","2003","OMEGA",106391
"552","2003","GREENWOOD",57910
"553","2003","ALBANY",109588
"554","2003","TERRE HAUTE",77521
"555","2003","FREEPORT",91363
"556","2003","GRESHAM",141056
"557","2003","HOUSTON",107897
"558","2003","GREENVILLE",150396
"559","2003","BERNARDSVILLE",113901
"560","2003","BELLEVUE",116770
"561","2003","SANTA ANA",107915
"562","2003","JONESBORO",103142
"563","2003","WILLIAMSPORT",90303
"564","2003","WAVERLY",84591
"565","2003","VANCOUVER",153272
"566","2003","PASCO",124393
"567","2003","WEDOWEE",78787
"568","2003","MARYLAND HEIGHTS",99075
"569","2003","LYNCHBURG",136043
"570","2003","COVINGTON",137945
"571","2003","SACRAMENTO",119758
"572","2003","OSSEO",131024
"573","2003","COCHRAN",133727
"574","2003","RENO",82447
"575","2003","BEVERLY",134988
"576","2003","PHOENIX",91445
"577","2004","OMAHA",117861
"578","2004","CARTHAGE",132176
"579","2004","TORTOLA",115156
"580","2004","SALT LAKE CITY",81496
"581","2004","DETROIT",0
"582","2004","CASA GRANDE",90430
"583","2004","LYONS",101903
"584","2004","COALGATE",93571
"585","2004","GREENLEAF",65026
"586","2004","CHAMBERS",23806
"587","2004","GOTHENBURG",114772
"588","2004","VALLEY",102620
"589","2004","BELTON",128616
"590","2004","JOPLIN",117490
"591","2004","BEATRICE",81890
"592","2004","SEWARD",108979
"593","2004","YUKON",78964
"594","2004","MOUNDRIDGE",91824
"595","2004","ENID",93150
"596","2004","GREAT BEND",123601
"597","2004","CAMERON",221247
"598","2004","INDEPENDENCE",91536
"599","2004","PRESTONSBURG",100830
"600","2004","GRAYSON",63153
"601","2004","LOUISA",114311
"602","2004","PORT GIBSON",103362
"603","2004","PICAYUNE",135568
"604","2004","LEESVILLE",67834
"605","2004","MARKSVILLE",117902
"606","2004","WAYNESBORO",116318
"607","2004","VILLE PLATTE",77669
"608","2004","WINFIELD",86701
"609","2004","MILLEDGEVILLE",118908
"610","2004","DICKSON",93507
"611","2004","WILLISTON",109869
"612","2004","LAFAYETTE",64966
"613","2004","ALICEVILLE",121574
"614","2004","GAINESVILLE",104420
"615","2004","HARDINSBURG",120522
"616","2004","MONTICELLO",100865
"617","2004","NEW HAVEN",150563
"618","2004","JACKSONVILLE",83207
"619","2004","RIPLEY",67795
"620","2004","COAHOMA",89240
"621","2004","WACO",114691
"622","2004","SMITHVILLE",124291
"623","2004","VAN ALSTYNE",113912
"624","2004","TAYLOR",48257
"625","2004","TEXARKANA",119004
"626","2004","PITTSFIELD",124013
"627","2004","MAYFIELD",78880
"628","2004","POTOSI",94377
"629","2004","SENATOBIA",87910
"630","2004","HUTCHINSON",91370
"631","2004","ZUMBROTA",99667
"632","2004","ESCANABA",128070
"633","2004","RONAN",109924
"634","2004","MORA",107706
"635","2004","PARK RAPIDS",129301
"636","2004","PRIOR LAKE",111783
"637","2004","FARIBAULT",99265
"638","2004","DEVILS LAKE",109787
"639","2004","IRON RIVER",102927
"640","2004","LOLO",134389
"641","2004","METROPOLIS",92593
"642","2004","WYNNE",119262
"643","2004","FONTANELLE",99618
"644","2004","PENNSVILLE",59953
"645","2004","POMEROY",113772
"646","2004","SAINT MARTINVILLE",106163
"647","2004","MADISON",137114
"648","2004","CROSBY",102696
"649","2004","DULUTH",126661
"650","2004","GASSAWAY",75446
"651","2004","WICHITA FALLS",113642
"652","2004","RANTOUL",88867
"653","2004","FLEETWOOD",78008
"654","2004","WILLSBORO",76834
"655","2004","DEWITT",76325
"656","2004","MAYWOOD",119255
"657","2004","BONIFAY",141492
"658","2004","AILEY",121632
"659","2004","AZLE",92563
"660","2004","HAWESVILLE",60222
"661","2004","CLARINDA",53939
"662","2004","PERRY",95043
"663","2004","LAWLER",129950
"664","2004","NEKOOSA",109694
"665","2004","LA CROSSE",216857
"666","2004","FREEPORT",237666
"667","2004","OSWEGO",38945
"668","2004","SPRINGFIELD",98283
"669","2004","SPENCER",97424
"670","2004","MORRIS",112002
"671","2004","OAK FOREST",118760
"672","2004","WAUPACA",111188
"673","2004","HARVARD",80938
"674","2004","BEAVER DAM",115074
"675","2004","WONDER LAKE",117879
"676","2004","ADA",116014
"677","2004","SANDY",99453
"678","2004","FREMONT",102735
"679","2004","MCCONNELLSBURG",208109
"680","2004","MALAD CITY",117800
"681","2004","ROCK VALLEY",139403
"682","2004","LA HARPE",85174
"683","2004","LAKE ODESSA",135421
"684","2004","ODESSA",119770
"685","2004","ENGLEWOOD",133750
"686","2004","RICHWOOD",93520
"687","2004","WALTON",64137
"688","2004","SAINT CHARLES",112305
"689","2004","EAST TAWAS",133919
"690","2004","FAYETTE",75586
"691","2004","DENNISON",114940
"692","2004","MANCHESTER",83217
"693","2004","TULSA",244691
"694","2004","BOSCOBEL",109263
"695","2004","ASHBURN",112404
"696","2004","BLACKSHEAR",128729
"697","2004","SHEPHERDSVILLE",78659
"698","2004","TESCOTT",116112
"699","2004","DIETERICH",99245
"700","2004","HUNTINGDON",93684
"701","2004","STEVENSON",94094
"702","2004","CHICAGO",279166
"703","2004","BETHANY",120866
"704","2004","HARTFORD",78778
"705","2004","BROWN CITY",115165
"706","2004","GLADSTONE",128414
"707","2004","ANAMOSA",89387
"708","2004","HOLLY SPRINGS",35128
"709","2004","LOS ANGELES",118196
"710","2004","LARAMIE",114447
"711","2004","VALENTINE",30589
"712","2004","RAWLINS",92400
"713","2004","VINITA",95105
"714","2004","EAST DUBUQUE",141429
"715","2004","BRIDGEPORT",70604
"716","2004","HOBBS",31645
"717","2004","BROWNSVILLE",112696
"718","2004","ATHENS",261640
"719","2004","EAU CLAIRE",105218
"720","2004","BUCYRUS",79592
"721","2004","DENVER",113612
"722","2004","SHOREWOOD",142093
"723","2004","MILWAUKEE",113038
"724","2004","WATSEKA",78050
"725","2004","GLASGOW",101736
"726","2004","DELHI",63612
"727","2004","KITTANNING",85609
"728","2004","ALICE",134999
"729","2004","POPLAR BLUFF",133863
"730","2004","LOGAN",125289
"731","2004","ROME",99487
"732","2004","FLEMINGSBURG",124747
"733","2004","BAYPORT",113517
"734","2004","DELAVAN",99632
"735","2004","LINCOLNWOOD",67960
"736","2004","ALBION",102681
"737","2004","ELKO",94442
"738","2004","FARMINGTON HILLS",132366
"739","2004","ALTON",96584
"740","2004","WOODSBORO",99683
"741","2004","PARIS",104563
"742","2004","ABSECON",46188
"743","2004","MOORESVILLE",115694
"744","2004","ROSEAU",66334
"745","2004","HEPPNER",89740
"746","2004","NATCHITOCHES",85342
"747","2004","GRANTS PASS",117253
"748","2004","UNION SPRINGS",103451
"749","2004","FRYBURG",119709
"750","2004","FRIDAY HARBOR",86182
"751","2004","FORT LAUDERDALE",255114
"752","2004","SPOKANE",112500
"753","2004","PAHOKEE",96552
"754","2004","OCALA",107289
"755","2004","APPLETON",148191
"756","2004","BOWLING GREEN",147601
"757","2004","PORT LAVACA",41583
"758","2004","GREENWOOD",67602
"759","2004","ENGLAND",123285
"760","2004","LEWISTON",118218
"761","2004","WEDOWEE",170155
"762","2004","CANTON",85014
"763","2004","TOPEKA",128128
"764","2004","SARASOTA",130654
"765","2004","EAGLE RIVER",100793
"766","2004","NORTH KANSAS CITY",142412
"767","2004","LUTHERVILLE",151027
"768","2004","AURORA",124463
"769","2004","IVA",96204
"770","2004","STATESBORO",138277
"771","2004","SEATTLE",264775
"772","2004","BELLEVUE",133596
"773","2004","MCALLEN",112874
"774","2004","SAN LUIS OBISPO",115888
"775","2004","WAVERLY",81836
"776","2004","VANCOUVER",110413
"777","2004","CORAL GABLES",65184
"778","2004","LUBBOCK",132664
"779","2004","LAKE CITY",116603
"780","2004","STERLING",137640
"781","2004","MARYLAND HEIGHTS",107868
"782","2004","LYNCHBURG",272225
"783","2004","FRANKLIN",118323
"784","2004","MOUNT AIRY",135340
"785","2004","WEYMOUTH",132490
"786","2004","JASPER",120859
"787","2004","COCHRAN",128072
"788","2004","FREDERICK",135668
"789","2004","PHOENIX",92033
"790","2004","CLARKSDALE",105049
"791","2004","SAINT PETERSBURG",119562
"792","2004","EVANSVILLE",137587
"793","2004","CLEVELAND",126609
"794","2004","BOISE",121009
"795","2005","OMAHA",139080
"796","2005","TORTOLA",116101
"797","2005","SALT LAKE CITY",83498
"798","2005","DETROIT",0
"799","2005","OAKLAND",113988
"800","2005","COZAD",115405
"801","2005","LYONS",108052
"802","2005","COALGATE",102086
"803","2005","GREENLEAF",63454
"804","2005","CHAMBERS",24065
"805","2005","VALLEY",101678
"806","2005","STOCKTON",115539
"807","2005","JOPLIN",107886
"808","2005","BEATRICE",89697
"809","2005","KINGMAN",95536
"810","2005","BROKEN ARROW",119649
"811","2005","YUKON",93030
"812","2005","MOUNDRIDGE",101638
"813","2005","AINSWORTH",33138
"814","2005","CAMERON",234838
"815","2005","POTEAU",103142
"816","2005","SCOTTDALE",53602
"817","2005","INDEPENDENCE",86411
"818","2005","PRESTONSBURG",101376
"819","2005","GRAYSON",68056
"820","2005","LOUISA",112539
"821","2005","DUBLIN",98758
"822","2005","PORT GIBSON",103454
"823","2005","LEESVILLE",68280
"824","2005","WAYNESBORO",119007
"825","2005","VILLE PLATTE",80784
"826","2005","WINFIELD",94082
"827","2005","COLUMBIANA",101031
"828","2005","DICKSON",102778
"829","2005","WILLISTON",106318
"830","2005","LAFAYETTE",69357
"831","2005","LA FOLLETTE",121263
"832","2005","GAINESVILLE",108359
"833","2005","HARDINSBURG",124479
"834","2005","HENDERSON",111252
"835","2005","MONTICELLO",98139
"836","2005","HILLSBORO",109977
"837","2005","VANDALIA",99839
"838","2005","NEW HAVEN",159882
"839","2005","JACKSONVILLE",87137
"840","2005","RIPLEY",71339
"841","2005","COAHOMA",94650
"842","2005","SMITHVILLE",136314
"843","2005","VAN ALSTYNE",124944
"844","2005","HOUSTON",140715
"845","2005","TEXARKANA",112132
"846","2005","PITTSFIELD",127465
"847","2005","MAYFIELD",85805
"848","2005","POTOSI",98698
"849","2005","SENATOBIA",102962
"850","2005","HUTCHINSON",100120
"851","2005","ZUMBROTA",109424
"852","2005","ESCANABA",133147
"853","2005","PIERZ",116909
"854","2005","MORA",101370
"855","2005","PARK RAPIDS",141023
"856","2005","MINNETONKA",100046
"857","2005","PRIOR LAKE",119940
"858","2005","FARIBAULT",100678
"859","2005","DEVILS LAKE",129755
"860","2005","HAMILTON",117081
"861","2005","ARTHUR",143912
"862","2005","IRON RIVER",115451
"863","2005","EDEN PRAIRIE",133921
"864","2005","LOLO",146136
"865","2005","HUDSON",153037
"866","2005","METROPOLIS",99065
"867","2005","EASTMAN",100285
"868","2005","WYNNE",134427
"869","2005","FONTANELLE",100859
"870","2005","PENNSVILLE",62388
"871","2005","POMEROY",124225
"872","2005","NORTH LITTLE ROCK",125441
"873","2005","WHEATLAND",129252
"874","2005","DULUTH",137632
"875","2005","GASSAWAY",70800
"876","2005","WICHITA FALLS",116112
"877","2005","RANTOUL",89098
"878","2005","FLEETWOOD",84140
"879","2005","CHILLICOTHE",123897
"880","2005","WILLSBORO",77283
"881","2005","DEWITT",68774
"882","2005","BONIFAY",162659
"883","2005","WEST HARRISON",129557
"884","2005","WAUKON",144635
"885","2005","AZLE",89090
"886","2005","WYALUSING",123668
"887","2005","HAWESVILLE",62591
"888","2005","CLARINDA",56875
"889","2005","PELLA",103343
"890","2005","PERRY",104570
"891","2005","LAWLER",136154
"892","2005","LANSING",130370
"893","2005","NEKOOSA",118598
"894","2005","LINCOLN",117163
"895","2005","LA CROSSE",103970
"896","2005","OSWEGO",38075
"897","2005","INVERNESS",125790
"898","2005","WASHINGTON",125968
"899","2005","SPENCER",98611
"900","2005","WAUPACA",114229
"901","2005","HARVARD",88574
"902","2005","WALWORTH",117013
"903","2005","MARION",128908
"904","2005","LUZERNE",97423
"905","2005","WONDER LAKE",128546
"906","2005","ADA",117643
"907","2005","SANDY",112528
"908","2005","SAULT SAINTE MARIE",98091
"909","2005","FREMONT",116741
"910","2005","MALAD CITY",116855
"911","2005","LA HARPE",86460
"912","2005","LAKE ODESSA",139449
"913","2005","ENGLEWOOD",143170
"914","2005","RICHWOOD",103959
"915","2005","WALTON",66141
"916","2005","COLWICH",132015
"917","2005","SAINT CHARLES",147012
"918","2005","EAST TAWAS",145969
"919","2005","FAYETTE",85505
"920","2005","DENNISON",110073
"921","2005","MCCONNELLSBURG",79780
"922","2005","GREENWOOD",200830
"923","2005","MANCHESTER",84406
"924","2005","LITTLE ROCK",13550
"925","2005","BOSCOBEL",133101
"926","2005","BLACKSHEAR",121881
"927","2005","SHEPHERDSVILLE",83487
"928","2005","GENEVA",122925
"929","2005","TESCOTT",124742
"930","2005","DIETERICH",112894
"931","2005","HUNTINGDON",94242
"932","2005","STEVENSON",108330
"933","2005","CHICAGO",209990
"934","2005","BETHANY",123842
"935","2005","CLEVELAND",65856
"936","2005","HARTFORD",80593
"937","2005","TULSA",133864
"938","2005","BROWN CITY",136247
"939","2005","GLADSTONE",133675
"940","2005","ANAMOSA",98303
"941","2005","HOLLY SPRINGS",35032
"942","2005","LARAMIE",125253
"943","2005","VALENTINE",56920
"944","2005","RAWLINS",86040
"945","2005","HOBBS",32098
"946","2005","BROWNSVILLE",119938
"947","2005","ATHENS",124487
"948","2005","EAU CLAIRE",103921
"949","2005","ROLAND",105832
"950","2005","BUCYRUS",91017
"951","2005","DENVER",122334
"952","2005","MILWAUKEE",121491
"953","2005","WATSEKA",89044
"954","2005","GLASGOW",97902
"955","2005","DELHI",62767
"956","2005","KITTANNING",81720
"957","2005","OLD MONROE",90692
"958","2005","POPLAR BLUFF",147117
"959","2005","LOGAN",127277
"960","2005","TAMPA",227508
"961","2005","ROME",97833
"962","2005","FLEMINGSBURG",129701
"963","2005","EDMOND",141775
"964","2005","DELAVAN",113220
"965","2005","LINCOLNWOOD",89899
"966","2005","ALBION",104938
"967","2005","FARMINGTON HILLS",141670
"968","2005","NEW WINDSOR",149194
"969","2005","HERRIN",96313
"970","2005","ALTON",106028
"971","2005","WOODSBORO",111455
"972","2005","KREMLIN",141885
"973","2005","ANN ARBOR",93413
"974","2005","PARIS",100860
"975","2005","ABSECON",52693
"976","2005","FORT MYERS",111202
"977","2005","MOORESVILLE",119029
"978","2005","ROSEAU",64633
"979","2005","HEPPNER",109558
"980","2005","DANVILLE",105573
"981","2005","NATCHITOCHES",84813
"982","2005","GRANTS PASS",137938
"983","2005","UNION SPRINGS",109084
"984","2005","FRYBURG",122887
"985","2005","FRIDAY HARBOR",98335
"986","2005","FORT LAUDERDALE",141237
"987","2005","SPOKANE",112209
"988","2005","GREENWOOD VILLAGE",90409
"989","2005","PORT LAVACA",46869
"990","2005","ENGLAND",128968
"991","2005","LEWISTON",124153
"992","2005","WEDOWEE",163810
"993","2005","CANTON",114851
"994","2005","GILMER",87712
"995","2005","EAGLE RIVER",104212
"996","2005","FREEPORT",99788
"997","2005","AURORA",113171
"998","2005","IVA",109261
"999","2005","OAKLAND PARK",147964
"1000","2005","SOUTH SAN FRANCISCO",123105
"1001","2005","OVIEDO",121152
"1002","2005","SANTA ANA",139025
"1003","2005","MCALLEN",131453
"1004","2005","WAVERLY",71889
"1005","2005","ATLANTA",153952
"1006","2005","CORAL GABLES",83900
"1007","2005","STERLING",142655
"1008","2005","MARYLAND HEIGHTS",117617
"1009","2005","LYNCHBURG",139917
"1010","2005","FRANKLIN",125605
"1011","2005","MOUNT AIRY",144696
"1012","2005","WEYMOUTH",146159
"1013","2005","COCHRAN",134346
"1014","2005","TRACY",83656
"1015","2005","RANCHO SANTA MARGARITA",76757
"1016","2005","ALAMOSA",138352
"1017","2005","SEATTLE",151380
"1018","2005","SUMMIT",92002
"1019","2005","CORDOVA",11759
"1020","2006","ENID",314911
"1021","2006","CASPER",200981
"1022","2006","PIERCE",223821
"1023","2006","AINSWORTH",32928
"1024","2006","GOODLAND",224979
"1025","2006","TIMBERVILLE",309461
"1026","2006","HAWKINSVILLE",279664
"1027","2006","MOULTRIE",125492
"1028","2006","INVERNESS",337317
"1029","2006","GAINESVILLE",226883
"1030","2006","MIAMI",375533
"1031","2006","COMMERCE",51577
"1032","2006","DOUGLASVILLE",314396
"1033","2006","CRAWFORDVILLE",344555
"1034","2006","NATCHEZ",243589
"1035","2006","HOMESTEAD",337983
"1036","2006","REFORM",271530
"1037","2006","PELL CITY",211537
"1038","2006","LAVONIA",195142
"1039","2006","MCMINNVILLE",162237
"1040","2006","DEMING",160838
"1041","2006","AMARILLO",252906
"1042","2006","MIDLAND",470613
"1043","2006","BLOOMSBURG",156067
"1044","2006","NEW RICHMOND",298565
"1045","2006","ROCHESTER",225047
"1046","2006","MANISTIQUE",322605
"1047","2006","SAINT MICHAEL",299477
"1048","2006","HUDSON",171821
"1049","2006","FORT WALTON BEACH",204825
"1050","2006","CORTLAND",205208
"1051","2006","CHATTANOOGA",310137
"1052","2006","PETERSBURG",292816
"1053","2006","HALLS",174304
"1054","2006","WATERLOO",151138
"1055","2006","MEDFORD",351663
"1056","2006","PATTEN",293156
"1057","2006","LAFAYETTE",210866
"1058","2006","IONIA",184924
"1059","2006","HARTFORD CITY",190509
"1060","2006","LINCOLNWOOD",210846
"1061","2006","LA GRANGE",293596
"1062","2006","FRANKFORT",268564
"1063","2006","OKOBOJI",351656
"1064","2006","GRAND RAPIDS",372964
"1065","2006","SPRINGFIELD",258458
"1066","2006","DENMARK",306936
"1067","2006","REINBECK",282354
"1068","2006","MUSCATINE",308044
"1069","2006","EATONTON",260060
"1070","2006","MINNEAPOLIS",252913
"1071","2006","BLYTHEVILLE",219748
"1072","2006","MALAD CITY",120695
"1073","2006","SALISBURY",244148
"1074","2006","OPELOUSAS",84218
"1075","2006","EFFINGHAM",288936
"1076","2006","JENNINGS",240355
"1077","2006","LUBBOCK",322960
"1078","2006","PROVO",348185
"1079","2006","SCHAUMBURG",323355
"1080","2006","HOLLY SPRINGS",38073
"1081","2006","RAWLINS",97970
"1082","2006","EBENSBURG",129841
"1083","2006","SPOKANE",219279
"1084","2006","ALVA",110197
"1085","2006","CHANUTE",146301
"1086","2006","CLAYTON",352941
"1087","2006","CHARLESTON",162656
"1088","2006","WINTER PARK",321427
"1089","2006","BOCA RATON",312422
"1090","2006","KIRKSVILLE",234902
"1091","2006","TACOMA",201208
"1092","2006","ANN ARBOR",329613
"1093","2006","LOUISVILLE",275450
"1094","2006","JACKSON",230380
"1095","2006","CHICAGO",352328
"1096","2006","SARASOTA",379024
"1097","2006","ATLANTA",181306
"1098","2006","FORT LAUDERDALE",161334
"1099","2006","JACKSONVILLE",283627
"1100","2006","ALBANY",225631
"1101","2006","TULSA",379975
"1102","2006","DAVIE",245428
"1103","2006","TAPPAHANNOCK",196891
"1104","2006","SEATTLE",292449
"1105","2006","NEW CASTLE",251888
"1106","2006","PEACHTREE CITY",254842
"1107","2006","VANCOUVER",188805
"1108","2006","RENO",288436
"1109","2006","FLORENCE",360122
"1110","2006","EARTH CITY",344658
"1111","2006","DALLAS",152871
"1112","2006","EVANSVILLE",212712
"1113","2006","PHOENIX",380141
"1114","2006","CORDOVA",55420
"1115","2006","MINNETONKA",274639
"1116","2006","CARMEL",178203
"1117","2007","ENID",378937
"1118","2007","CASPER",213359
"1119","2007","PIERCE",248509
"1120","2007","GOODLAND",225465
"1121","2007","TIMBERVILLE",317180
"1122","2007","WARRENTON",413299
"1123","2007","HAWKINSVILLE",300921
"1124","2007","MOULTRIE",119008
"1125","2007","INVERNESS",330177
"1126","2007","GAINESVILLE",256756
"1127","2007","DOUGLASVILLE",314956
"1128","2007","CRAWFORDVILLE",358864
"1129","2007","NATCHEZ",223353
"1130","2007","REFORM",292422
"1131","2007","PELL CITY",217715
"1132","2007","LAVONIA",208793
"1133","2007","MCMINNVILLE",174970
"1134","2007","BARTLETT",321452
"1135","2007","DEMING",156396
"1136","2007","AMARILLO",251572
"1137","2007","MIDLAND",250011
"1138","2007","BLOOMSBURG",161575
"1139","2007","NEW RICHMOND",309189
"1140","2007","LIVINGSTON",418891
"1141","2007","ROCHESTER",276867
"1142","2007","MANISTIQUE",355426
"1143","2007","SAINT MICHAEL",326042
"1144","2007","HUDSON",168254
"1145","2007","FORT WALTON BEACH",210329
"1146","2007","CORTLAND",223109
"1147","2007","CHATTANOOGA",383594
"1148","2007","PETERSBURG",310199
"1149","2007","HALLS",169077
"1150","2007","WATERLOO",144949
"1151","2007","MEDFORD",359156
"1152","2007","PATTEN",323907
"1153","2007","LAFAYETTE",227438
"1154","2007","HARTFORD CITY",198802
"1155","2007","LINCOLNWOOD",189461
"1156","2007","LA GRANGE",312509
"1157","2007","FRANKFORT",355082
"1158","2007","PALATINE",262268
"1159","2007","OKOBOJI",355965
"1160","2007","GRAND RAPIDS",362543
"1161","2007","CRETE",356499
"1162","2007","SPRINGFIELD",236385
"1163","2007","DENMARK",303574
"1164","2007","REINBECK",313099
"1165","2007","MUSCATINE",327546
"1166","2007","EATONTON",252123
"1167","2007","MINNEAPOLIS",263677
"1168","2007","BLYTHEVILLE",258014
"1169","2007","MALAD CITY",134316
"1170","2007","OXFORD",330383
"1171","2007","SALISBURY",268398
"1172","2007","HOWELL",347876
"1173","2007","OPELOUSAS",77152
"1174","2007","EFFINGHAM",284251
"1175","2007","JENNINGS",248028
"1176","2007","HOLLY SPRINGS",40829
"1177","2007","RAWLINS",114384
"1178","2007","EBENSBURG",135755
"1179","2007","SPOKANE",279163
"1180","2007","ALVA",117711
"1181","2007","CHANUTE",150411
"1182","2007","CHARLESTON",158329
"1183","2007","WINTER PARK",368542
"1184","2007","BOCA RATON",319260
"1185","2007","KIRKSVILLE",227244
"1186","2007","TACOMA",217919
"1187","2007","ANN ARBOR",332778
"1188","2007","LOUISVILLE",278462
"1189","2007","JACKSON",209471
"1190","2007","MIAMI",317990
"1191","2007","CHICAGO",439386
"1192","2007","SARASOTA",403144
"1193","2007","ATLANTA",199488
"1194","2007","FORT LAUDERDALE",165923
"1195","2007","JACKSONVILLE",342381
"1196","2007","ALBANY",130984
"1197","2007","DAVIE",271793
"1198","2007","TAPPAHANNOCK",222046
"1199","2007","WINSTED",285700
"1200","2007","SEATTLE",375428
"1201","2007","NEW CASTLE",297201
"1202","2007","PEACHTREE CITY",295535
"1203","2007","VANCOUVER",207505
"1204","2007","FORT MYERS",387900
"1205","2007","QUINCY",353513
"1206","2007","EARTH CITY",381718
"1207","2007","MADISON HEIGHTS",390194
"1208","2007","DALLAS",183152
"1209","2007","NEWPORT BEACH",376449
"1210","2007","EVANSVILLE",239392
"1211","2007","CORDOVA",52609
"1212","2007","MINNETONKA",231267
"1213","2007","CARMEL",171072
"1214","2008","OKLAHOMA CITY",386771
"1215","2008","CASPER",215624
"1216","2008","PIERCE",302245
"1217","2008","GOODLAND",199169
"1218","2008","ALTUS",84720
"1219","2008","TIMBERVILLE",403013
"1220","2008","WARRENTON",439459
"1221","2008","HAWKINSVILLE",284780
"1222","2008","MOULTRIE",149070
"1223","2008","GAINESVILLE",283910
"1224","2008","DOUGLASVILLE",297617
"1225","2008","LACOMBE",348004
"1226","2008","CRAWFORDVILLE",355024
"1227","2008","NATCHEZ",225511
"1228","2008","PELL CITY",188861
"1229","2008","LAVONIA",208004
"1230","2008","CORNELIA",322775
"1231","2008","JACKSONVILLE",673406
"1232","2008","BARTLETT",310100
"1233","2008","BROWNSVILLE",321267
"1234","2008","DEMING",146638
"1235","2008","AMARILLO",291155
"1236","2008","DERBY",365693
"1237","2008","ROCHESTER",331972
"1238","2008","MANISTIQUE",371749
"1239","2008","FORT WALTON BEACH",199388
"1240","2008","CORTLAND",246017
"1241","2008","BATESVILLE",339315
"1242","2008","CHATTANOOGA",388090
"1243","2008","PETERSBURG",325754
"1244","2008","HALLS",168443
"1245","2008","WATERLOO",148921
"1246","2008","MEDFORD",364865
"1247","2008","PATTEN",357083
"1248","2008","LAFAYETTE",261223
"1249","2008","LANCASTER",358280
"1250","2008","HARTFORD CITY",207840
"1251","2008","LINCOLNWOOD",181147
"1252","2008","LA GRANGE",315048
"1253","2008","FRANKFORT",361620
"1254","2008","PALATINE",243972
"1255","2008","GRAND RAPIDS",367321
"1256","2008","CRETE",354604
"1257","2008","SPRINGFIELD",230151
"1258","2008","CHICAGO",860821
"1259","2008","DENMARK",300781
"1260","2008","REINBECK",362948
"1261","2008","MUSCATINE",325631
"1262","2008","EATONTON",301802
"1263","2008","MINNEAPOLIS",587287
"1264","2008","BLYTHEVILLE",293028
"1265","2008","MALAD CITY",152734
"1266","2008","OXFORD",273892
"1267","2008","SALISBURY",319436
"1268","2008","HOWELL",315817
"1269","2008","EFFINGHAM",336908
"1270","2008","JENNINGS",273530
"1271","2008","INVERNESS",292337
"1272","2008","JACKSON",324331
"1273","2008","INDEPENDENCE",337139
"1274","2008","HOLLY SPRINGS",44734
"1275","2008","RAWLINS",104438
"1276","2008","EBENSBURG",139642
"1277","2008","SPOKANE",339938
"1278","2008","ALVA",106687
"1279","2008","CHANUTE",158418
"1280","2008","CLAYTON",390551
"1281","2008","CHARLESTON",183538
"1282","2008","BOCA RATON",337333
"1283","2008","KIRKSVILLE",222180
"1284","2008","TACOMA",242633
"1285","2008","ANN ARBOR",362215
"1286","2008","MIAMI",719884
"1287","2008","SARASOTA",387019
"1288","2008","ATLANTA",233400
"1289","2008","STERLING",186528
"1290","2008","ALBANY",115714
"1291","2008","DAVIE",322307
"1292","2008","WINSTED",298402
"1293","2008","SEATTLE",422671
"1294","2008","ALLENTOWN",313489
"1295","2008","NEW CASTLE",325525
"1296","2008","PEACHTREE CITY",308641
"1297","2008","VANCOUVER",245530
"1298","2008","QUINCY",366296
"1299","2008","EARTH CITY",360721
"1300","2008","MADISON HEIGHTS",375891
"1301","2008","DALLAS",221768
"1302","2008","NEWPORT BEACH",371568
"1303","2008","EVANSVILLE",263454
"1304","2008","PHOENIX",432947
"1305","2008","CORDOVA",59350
"1306","2008","MINNETONKA",257741
"1307","2008","CARMEL",163084
"1308","2009","OKLAHOMA CITY",339291
"1309","2009","YUMA",446429
"1310","2009","CASPER",212822
"1311","2009","PIERCE",320832
"1312","2009","GIRARD",372015
"1313","2009","GOODLAND",171589
"1314","2009","HAWKINSVILLE",248128
"1315","2009","MACON",331392
"1316","2009","MOULTRIE",160230
"1317","2009","GAINESVILLE",296336
"1318","2009","DOUGLASVILLE",261262
"1319","2009","CRAWFORDVILLE",326117
"1320","2009","NATCHEZ",224601
"1321","2009","PELL CITY",157846
"1322","2009","LAVONIA",255691
"1323","2009","WINDER",284363
"1324","2009","CORNELIA",276995
"1325","2009","BARTLETT",250196
"1326","2009","BROWNSVILLE",266947
"1327","2009","DEMING",149901
"1328","2009","AMARILLO",360826
"1329","2009","DERBY",382107
"1330","2009","ROCHESTER",350330
"1331","2009","OSCEOLA",368877
"1332","2009","SAINT PAUL",107112
"1333","2009","FORT WALTON BEACH",182902
"1334","2009","CORTLAND",248248
"1335","2009","PETERSBURG",335482
"1336","2009","HALLS",162605
"1337","2009","WATERLOO",147333
"1338","2009","EDMOND",294290
"1339","2009","MEDFORD",364068
"1340","2009","PATTEN",390744
"1341","2009","POWHATAN",294447
"1342","2009","LANCASTER",339274
"1343","2009","JEFFERSON CITY",256169
"1344","2009","HARTFORD CITY",204433
"1345","2009","LA GRANGE",275744
"1346","2009","FRANKFORT",229752
"1347","2009","PALATINE",256342
"1348","2009","PALOS HEIGHTS",339161
"1349","2009","GRAND RAPIDS",365097
"1350","2009","SPRINGFIELD",222963
"1351","2009","DENMARK",297588
"1352","2009","MUSCATINE",307938
"1353","2009","MINNEAPOLIS",315419
"1354","2009","BLYTHEVILLE",300647
"1355","2009","MALAD CITY",146460
"1356","2009","OXFORD",227949
"1357","2009","SALISBURY",346478
"1358","2009","HOWELL",274046
"1359","2009","JENNINGS",282730
"1360","2009","INVERNESS",251143
"1361","2009","JACKSON",277017
"1362","2009","INDEPENDENCE",338045
"1363","2009","HOLLY SPRINGS",45779
"1364","2009","RAWLINS",108133
"1365","2009","EBENSBURG",140769
"1366","2009","SPOKANE",324280
"1367","2009","CHANUTE",155077
"1368","2009","GRUNDY",320377
"1369","2009","CLAYTON",368884
"1370","2009","DENVER",293794
"1371","2009","CHARLESTON",217316
"1372","2009","BOONE",362791
"1373","2009","WINTER PARK",314978
"1374","2009","BOCA RATON",319468
"1375","2009","KIRKSVILLE",213394
"1376","2009","HATTIESBURG",318795
"1377","2009","TACOMA",196147
"1378","2009","MIAMI",312838
"1379","2009","GURNEE",433343
"1380","2009","CHICAGO",292832
"1381","2009","ATLANTA",240781
"1382","2009","EDEN PRAIRIE",410213
"1383","2009","JACKSONVILLE",390987
"1384","2009","STERLING",136882
"1385","2009","ALBANY",98526
"1386","2009","DAVIE",419985
"1387","2009","WINSTED",294793
"1388","2009","ALLENTOWN",317993
"1389","2009","ALHAMBRA",377511
"1390","2009","NEW CASTLE",326087
"1391","2009","PEACHTREE CITY",265743
"1392","2009","VANCOUVER",230465
"1393","2009","WEST PALM BEACH",358124
"1394","2009","FORT MYERS",251655
"1395","2009","EARTH CITY",326929
"1396","2009","MADISON HEIGHTS",355037
"1397","2009","DALLAS",220518
"1398","2009","NEWPORT BEACH",330487
"1399","2009","RENO",356713
"1400","2009","EVANSVILLE",259142
"1401","2009","PHOENIX",343010
"1402","2009","CORDOVA",90700
"1403","2009","NEW YORK",271816
"1404","2009","MINNETONKA",305174
"1405","2009","INDIANAPOLIS",322707
"1406","2009","LEXINGTON",282303
"1407","2009","CARMEL",130799
"1408","2009","COLORADO SPRINGS",42109
"1409","2009","BELMONT",354491
"1410","2010","ENID",388814
"1411","2010","OKLAHOMA CITY",314205
"1412","2010","CASPER",220851
"1413","2010","MARSHALL",385220
"1414","2010","PIERCE",324636
"1415","2010","GIRARD",357134
"1416","2010","GOODLAND",141160
"1417","2010","HAWKINSVILLE",219412
"1418","2010","MACON",295816
"1419","2010","MOULTRIE",157732
"1420","2010","LAGRANGE",111411
"1421","2010","GAINESVILLE",274146
"1422","2010","ATMORE",261779
"1423","2010","NATCHEZ",216639
"1424","2010","MAGEE",368544
"1425","2010","PELL CITY",132843
"1426","2010","LAVONIA",230177
"1427","2010","CORNELIA",223711
"1428","2010","BELZONI",338832
"1429","2010","BARTLETT",218915
"1430","2010","BROWNSVILLE",228942
"1431","2010","DEMING",151527
"1432","2010","ROCHESTER",342272
"1433","2010","MANISTIQUE",383086
"1434","2010","SAINT MICHAEL",276257
"1435","2010","FORT WALTON BEACH",157820
"1436","2010","CORTLAND",265441
"1437","2010","CHATTANOOGA",285247
"1438","2010","PETERSBURG",329336
"1439","2010","SPRINGFIELD",609767
"1440","2010","JACKSON",414711
"1441","2010","HALLS",149662
"1442","2010","WATERLOO",143714
"1443","2010","LIVINGSTON",220129
"1444","2010","POWHATAN",263303
"1445","2010","LANCASTER",326294
"1446","2010","DURANT",146668
"1447","2010","JEFFERSON CITY",198969
"1448","2010","HARTFORD CITY",205211
"1449","2010","PALATINE",252984
"1450","2010","GRAND RAPIDS",366381
"1451","2010","DENMARK",303070
"1452","2010","MUSCATINE",304381
"1453","2010","MONTICELLO",193491
"1454","2010","BLYTHEVILLE",309120
"1455","2010","FENTON",300354
"1456","2010","MALAD CITY",142769
"1457","2010","OXFORD",191090
"1458","2010","SALISBURY",352250
"1459","2010","HOWELL",235938
"1460","2010","KANSAS CITY",245623
"1461","2010","NEWFIELD",335110
"1462","2010","INVERNESS",225000
"1463","2010","INDEPENDENCE",306083
"1464","2010","HOLLY SPRINGS",47807
"1465","2010","RAWLINS",101359
"1466","2010","EBENSBURG",141553
"1467","2010","SPOKANE",283705
"1468","2010","CHANUTE",153659
"1469","2010","BETHLEHEM",216396
"1470","2010","SAINT PAUL",326407
"1471","2010","GRUNDY",284372
"1472","2010","CLAYTON",301839
"1473","2010","CHARLESTON",213934
"1474","2010","WINTER PARK",257005
"1475","2010","KIRKSVILLE",216457
"1476","2010","SEATTLE",346483
"1477","2010","HATTIESBURG",332574
"1478","2010","MOUNT CLEMENS",375139
"1479","2010","GURNEE",389779
"1480","2010","CHICAGO",182121
"1481","2010","ATLANTA",235546
"1482","2010","EDEN PRAIRIE",365089
"1483","2010","STERLING",117208
"1484","2010","MOUNT PLEASANT",336866
"1485","2010","AMESBURY",338362
"1486","2010","ALHAMBRA",368137
"1487","2010","NEW CASTLE",317018
"1488","2010","PEACHTREE CITY",254426
"1489","2010","VANCOUVER",234509
"1490","2010","WEST PALM BEACH",283554
"1491","2010","FORT MYERS",233922
"1492","2010","QUINCY",314475
"1493","2010","DULUTH",323865
"1494","2010","RAYNHAM",267447
"1495","2010","ELKTON",379919
"1496","2010","DALLAS",257585
"1497","2010","NEWPORT BEACH",323682
"1498","2010","NEW YORK",298556
"1499","2010","EVANSVILLE",227650
"1500","2010","THE WOODLANDS",316278
"1501","2010","MINNETONKA",312793
"1502","2010","INDIANAPOLIS",311402
"1503","2010","LEXINGTON",275790
"1504","2010","CARMEL",125996
"1505","2010","CITY OF INDUSTRY",310943
"1506","2010","COLORADO SPRINGS",56363
"1507","2010","MOUNT LAUREL",359287
"1508","2010","BELMONT",343600
"1509","2011","SIDNEY",281187
"1510","2011","OKLAHOMA CITY",315228
"1511","2011","MARSHALL",384758
"1512","2011","MISSION",345138
"1513","2011","PIERCE",338786
"1514","2011","GIRARD",338570
"1515","2011","GOODLAND",132490
"1516","2011","BUTLER",292884
"1517","2011","HAWKINSVILLE",187637
"1518","2011","MACON",274873
"1519","2011","MOULTRIE",181303
"1520","2011","GAINESVILLE",239738
"1521","2011","NATCHEZ",187057
"1522","2011","MAGEE",365009
"1523","2011","PELL CITY",117518
"1524","2011","LAVONIA",200944
"1525","2011","SPRINGFIELD",957486
"1526","2011","BARTLETT",176819
"1527","2011","BATESVILLE",233023
"1528","2011","BROWNSVILLE",188763
"1529","2011","DEMING",146489
"1530","2011","MANISTIQUE",401246
"1531","2011","SAINT MICHAEL",241129
"1532","2011","FORT WALTON BEACH",150154
"1533","2011","CORTLAND",290043
"1534","2011","CHATTANOOGA",267765
"1535","2011","PETERSBURG",313056
"1536","2011","HALLS",144118
"1537","2011","WATERLOO",143672
"1538","2011","LIVINGSTON",208764
"1539","2011","DAVENPORT",313064
"1540","2011","MEDFORD",330826
"1541","2011","WAUKESHA",359753
"1542","2011","POWHATAN",224373
"1543","2011","DURANT",120805
"1544","2011","JEFFERSON CITY",169933
"1545","2011","HARTFORD CITY",199322
"1546","2011","LA GRANGE",286170
"1547","2011","HORICON",451270
"1548","2011","PALATINE",178877
"1549","2011","GRAND RAPIDS",373559
"1550","2011","WAUKEGAN",322713
"1551","2011","MUSCATINE",316115
"1552","2011","MONTICELLO",200741
"1553","2011","EATONTON",235373
"1554","2011","BLYTHEVILLE",305100
"1555","2011","OAK BROOK",677077
"1556","2011","FENTON",205892
"1557","2011","MALAD CITY",138253
"1558","2011","OXFORD",177517
"1559","2011","SALISBURY",344315
"1560","2011","HOWELL",208844
"1561","2011","GREENWOOD VILLAGE",49113
"1562","2011","KANSAS CITY",209068
"1563","2011","NEWFIELD",333132
"1564","2011","INDEPENDENCE",288217
"1565","2011","HOLLY SPRINGS",41218
"1566","2011","RAWLINS",82615
"1567","2011","EBENSBURG",133685
"1568","2011","SPOKANE",268131
"1569","2011","CHANUTE",150188
"1570","2011","BETHLEHEM",210584
"1571","2011","SAINT PAUL",241603
"1572","2011","CHARLESTON",221288
"1573","2011","KIRKSVILLE",217345
"1574","2011","GURNEE",331394
"1575","2011","WALHALLA",227330
"1576","2011","CHICAGO",144183
"1577","2011","ATLANTA",220173
"1578","2011","TRAVELERS REST",305619
"1579","2011","STERLING",112938
"1580","2011","DAVIE",351729
"1581","2011","ROLLING MEADOWS",399680
"1582","2011","ALHAMBRA",322587
"1583","2011","NEW CASTLE",316893
"1584","2011","PEACHTREE CITY",232200
"1585","2011","VANCOUVER",222135
"1586","2011","WEST PALM BEACH",226788
"1587","2011","FLORENCE",306259
"1588","2011","FORT MYERS",201429
"1589","2011","QUINCY",294340
"1590","2011","DULUTH",316849
"1591","2011","SEVIERVILLE",310796
"1592","2011","CHANTILLY",306876
"1593","2011","CLAYTON",382677
"1594","2011","DALLAS",259567
"1595","2011","NEWPORT BEACH",296620
"1596","2011","CLINTON",328338
"1597","2011","PHILADELPHIA",242710
"1598","2011","MINNETONKA",330941
"1599","2011","LEXINGTON",264932
"1600","2011","CARMEL",128790
"1601","2011","MOCKSVILLE",307907
"1602","2011","TOWN AND COUNTRY",264060
"1603","2011","FITCHBURG",356518
"1604","2011","CITY OF INDUSTRY",312363
"1605","2011","COLORADO SPRINGS",67221
"1606","2011","MOUNT LAUREL",393192
"1607","2011","LACEY",315100
